{
  "students": [
    {
      "name": "srinivas",
      "address": "asd",
      "phone": "7894561230",
      "designation": "SE",
      "email": "ksr@gmai.com",
      "photo": "C:\\fakepath\\image_2023_08_14T10_29_03_311Z.png",
      "department": "orange",
      "password": "123",
      "id": 1
    },
    {
      "name": "Isabella Young",
      "address": "1313 Maple Drive",
      "phone": "5556789015",
      "designation": "Consultant",
      "email": "isabella.young@example.com",
      "photo": "C:\\fakepath\\image_2023_08_14T26_29_03_311Z.png",
      "department": "blue",
      "password": "stu345",
      "id": 17
    },
    {
      "name": "Amelia Martinez",
      "address": "1717 Fir Way",
      "phone": "5550123459",
      "designation": "Administrator",
      "email": "amelia.martinez@example.com",
      "photo": "C:\\fakepath\\image_2023_08_14T30_29_03_311Z.png",
      "department": "orange",
      "password": "def567",
      "id": 21
    },
    {
      "name": "Olivia Martinez",
      "address": "505 Fir Way",
      "phone": "5558901234",
      "designation": "Coordinator",
      "email": "olivia.martinez@example.com",
      "photo": "C:\\fakepath\\image_2023_08_14T18_29_03_311Z.png",
      "department": "red",
      "password": "vwx234",
      "id": 9
    },
    {
      "name": "James Davis",
      "address": "404 Spruce Drive",
      "phone": "5557890123",
      "designation": "Engineer",
      "email": "james.davis@example.com",
      "photo": "C:\\fakepath\\image_2023_08_14T17_29_03_311Z.png",
      "department": "green",
      "password": "stu901",
      "id": 8
    },
    {
      "name": "David Johnson",
      "address": "202 Birch Lane",
      "phone": "5555678901",
      "designation": "Consultant",
      "email": "david.johnson@example.com",
      "photo": "C:\\fakepath\\image_2023_08_14T15_29_03_311Z.png",
      "department": "orange",
      "password": "mno345",
      "id": 6
    },
    {
      "name": "Emily White",
      "address": "101 Maple Street",
      "phone": "5554567890",
      "designation": "Analyst",
      "email": "emily.white@example.com",
      "photo": "C:\\fakepath\\image_2023_08_14T14_29_03_311Z.png",
      "department": "yellow",
      "password": "jkl012",
      "id": 5
    }
  ],
  "cricketList": [
    {
      "name": "Jane Smith",
      "address": "456 Oak Avenue",
      "phone": "5552345678",
      "designation": "Developer",
      "email": "jane.smith@example.com",
      "photo": "C:\\fakepath\\image_2023_08_14T12_29_03_311Z.png",
      "department": "green",
      "password": "def456",
      "id": 3
    }
  ]
}